,id,title,author,authoryearofbirth,authoryearofdeath,language,downloads,subjects,type,publicationyear,age,agecategory,timeperiod
17142,PG2542_text.txt,A Doll's House : a play,"Ibsen, Henrik",1828.0,1906.0,['en'],21753.0,"{'Man-woman relationships -- Drama', 'Wives -- Drama', 'Norwegian drama -- Translations into English', 'Marriage -- Drama'}",Text,1879,51.0,3,4.0
18909,PG2701_text.txt,"Moby Dick; Or, The Whale","Melville, Herman",1819.0,1891.0,['en'],16459.0,"{'Ahab, Captain (Fictitious character) -- Fiction', 'Mentally ill -- Fiction', 'Whaling -- Fiction', 'Whaling ships -- Fiction', 'Psychological fiction', 'Sea stories', 'Whales -- Fiction', 'Adventure stories', 'Ship captains -- Fiction'}",Text,1850,31.0,1,3.0
7354,PG1661_text.txt,The Adventures of Sherlock Holmes,"Doyle, Arthur Conan",1859.0,1930.0,['en'],14172.0,"{'Holmes, Sherlock (Fictitious character) -- Fiction', 'Private investigators -- England -- Fiction', 'Detective and mystery stories, English'}",Text,1892,33.0,1,5.0
17275,PG2554_text.txt,Crime and Punishment,"Dostoyevsky, Fyodor",1821.0,1881.0,['en'],12174.0,"{'Saint Petersburg (Russia) -- Fiction', 'Detective and mystery stories', 'Psychological fiction', 'Russia -- Fiction'}",Text,1866,45.0,2,4.0
10586,PG1952_text.txt,The Yellow Wallpaper,"Gilman, Charlotte Perkins",1860.0,1935.0,['en'],11344.0,"{'Married women -- Psychology -- Fiction', 'Feminist fiction', 'Sex role -- Fiction', 'Psychological fiction', 'Mentally ill women -- Fiction'}",Text,1892,32.0,1,5.0
8331,PG174_text.txt,The Picture of Dorian Gray,"Wilde, Oscar",1854.0,1900.0,['en'],11160.0,"{'Paranormal fiction', 'Appearance (Philosophy) -- Fiction', 'Great Britain -- History -- Victoria, 1837-1901 -- Fiction', 'Conduct of life -- Fiction', 'Supernatural -- Fiction', 'London (England) -- History -- 1800-1950 -- Fiction', 'Portraits -- Fiction', 'Didactic fiction'}",Text,1890,36.0,2,5.0
17686,PG2591_text.txt,Grimms' Fairy Tales,"Grimm, Jacob",1785.0,1863.0,['en'],11014.0,{'Fairy tales -- Germany'},Text,1857,72.0,4,3.0
17787,PG2600_text.txt,War and Peace,"Tolstoy, Leo, graf",1828.0,1910.0,['en'],10861.0,"{'Napoleonic Wars, 1800-1815 -- Campaigns -- Russia -- Fiction', 'War stories', 'Historical fiction', 'Russia -- History -- Alexander I, 1801-1825 -- Fiction', 'Aristocracy (Social class) -- Russia -- Fiction'}",Text,1869,41.0,2,4.0
2899,PG1260_text.txt,Jane Eyre: An Autobiography,"Brontë, Charlotte",1816.0,1855.0,['en'],10753.0,"{'Married people -- Fiction', 'Bildungsromans', 'Fathers and daughters -- Fiction', 'Country homes -- Fiction', 'England -- Fiction', 'Young women -- Fiction', 'Love stories', 'Charity-schools -- Fiction', 'Orphans -- Fiction', 'Governesses -- Fiction', 'Mentally ill women -- Fiction'}",Text,1847,31.0,1,3.0
11776,PG205_text.txt,"Walden, and On The Duty Of Civil Disobedience","Thoreau, Henry David",1817.0,1862.0,['en'],10523.0,"{'Government, Resistance to', 'Authors, American -- 19th century -- Biography', 'Natural history -- Massachusetts -- Walden Woods', 'Solitude', 'Civil disobedience', 'Wilderness areas -- Massachusetts -- Walden Woods', 'Thoreau, Henry David, 1817-1862 -- Homes and haunts -- Massachusetts -- Walden Woods', 'Walden Woods (Mass.) -- Social life and customs'}",Text,1848,31.0,1,3.0
4455,PG1400_text.txt,Great Expectations,"Dickens, Charles",1812.0,1870.0,['en'],9888.0,"{'Bildungsromans', 'Revenge -- Fiction', 'England -- Fiction', 'Ex-convicts -- Fiction', 'Young men -- Fiction', 'Orphans -- Fiction', 'Man-woman relationships -- Fiction', 'Benefactors -- Fiction'}",Text,1861,49.0,2,4.0
2333,PG120_text.txt,Treasure Island,"Stevenson, Robert Louis",1850.0,1894.0,['en'],7619.0,"{'Treasure Island (Imaginary place) -- Fiction', 'Pirates -- Fiction', 'Treasure troves -- Fiction', 'Sea stories'}",Text,1883,33.0,1,5.0
56650,PG768_text.txt,Wuthering Heights,"Brontë, Emily",1818.0,1848.0,['en'],6623.0,"{'Rural families -- Fiction', 'Heathcliff (Fictitious character : Brontë) -- Fiction', 'Revenge -- Fiction', 'Domestic fiction', 'Rejection (Psychology) -- Fiction', 'Love stories', 'Triangles (Interpersonal relations) -- Fiction', 'Foundlings -- Fiction', 'Psychological fiction', 'Yorkshire (England) -- Fiction'}",Text,1850,32.0,1,3.0
20058,PG28054_text.txt,The Brothers Karamazov,"Dostoyevsky, Fyodor",1821.0,1881.0,['en'],6483.0,"{'Russia -- Social life and customs -- 1533-1917 -- Fiction', 'Brothers -- Fiction', 'Didactic fiction', 'Fathers and sons -- Fiction'}",Text,1880,59.0,3,4.0
3588,PG1322_text.txt,Leaves of Grass,"Whitman, Walt",1819.0,1892.0,['en'],6037.0,{'American poetry -- 19th century'},Text,1855,36.0,2,3.0
3999,PG135_text.txt,Les Misérables,"Hugo, Victor",1802.0,1885.0,['en'],5876.0,"{'Ex-convicts -- Fiction', 'Epic literature', 'Paris (France) -- Fiction', 'Orphans -- Fiction', 'Historical fiction'}",Text,1832,30.0,1,2.0
56850,PG786_text.txt,Hard Times,"Dickens, Charles",1812.0,1870.0,['en'],5770.0,"{'Utilitarianism -- Fiction', 'Domestic fiction', 'England -- Fiction', 'Social problems -- Fiction', 'Political fiction', 'Education -- Fiction'}",Text,1854,42.0,2,3.0
16109,PG244_text.txt,A Study in Scarlet,"Doyle, Arthur Conan",1859.0,1930.0,['en'],5687.0,"{'Detective and mystery stories', 'Holmes, Sherlock (Fictitious character) -- Fiction', 'Private investigators -- England -- Fiction', 'England -- Fiction'}",Text,1890,31.0,1,5.0
11554,PG203_text.txt,Uncle Tom's Cabin,"Stowe, Harriet Beecher",1811.0,1896.0,['en'],5572.0,"{'Southern States -- Fiction', 'Fugitive slaves -- Fiction', 'Slaves -- Fiction', 'Slavery -- Fiction', 'African Americans -- Fiction', 'Political fiction', 'Master and servant -- Fiction', 'Plantation life -- Fiction', 'Uncle Tom (Fictitious character) -- Fiction', 'Didactic fiction'}",Text,1855,44.0,2,3.0
54996,PG61_text.txt,The Communist Manifesto,"Engels, Friedrich",1820.0,1895.0,['en'],5256.0,"{'Socialism', 'Communism'}",Text,1848,28.0,1,3.0
56229,PG730_text.txt,Oliver Twist,"Dickens, Charles",1812.0,1870.0,['en'],4763.0,"{'Bildungsromans', 'London (England) -- Fiction', 'Kidnapping victims -- Fiction', 'Criminals -- Fiction', 'Orphans -- Fiction', 'Boys -- Fiction'}",Text,1837,25.0,1,2.0
37374,PG4363_text.txt,Beyond Good and Evil,"Nietzsche, Friedrich Wilhelm",1844.0,1900.0,['en'],4730.0,"{'Philosophy, German', 'Ethics'}",Text,1886,42.0,2,5.0
6888,PG161_text.txt,Sense and Sensibility,"Austen, Jane",1775.0,1817.0,['en'],4551.0,"{'England -- Social life and customs -- 19th century -- Fiction', 'Mate selection -- Fiction', 'Domestic fiction', 'Young women -- Fiction', 'England -- Fiction', 'Love stories', 'Gentry -- England -- Fiction', 'Sisters -- Fiction', 'Inheritance and succession -- Fiction', 'Regency fiction', 'Social classes -- Fiction'}",Text,1811,36.0,2,1.0
30663,PG375_text.txt,An Occurrence at Owl Creek Bridge,"Bierce, Ambrose",1842.0,1913.0,['en'],4496.0,"{'Prisoners -- Fiction', 'United States -- History -- Civil War, 1861-1865 -- Fiction', 'Short stories'}",Text,1891,49.0,2,5.0
46108,PG514_text.txt,Little Women,"Alcott, Louisa May",1832.0,1888.0,['en'],4473.0,"{'Bildungsromans', 'Mothers and daughters -- Fiction', 'Domestic fiction', 'Young women -- Fiction', 'New England -- Fiction', 'Family life -- New England -- Fiction', 'Sisters -- Fiction', 'March family (Fictitious characters) -- Fiction', 'Autobiographical fiction'}",Text,1869,37.0,2,4.0
5997,PG15399_text.txt,"The Interesting Narrative of the Life of Olaudah Equiano, Or Gustavus Vassa, The African: Written By Himself","Equiano, Olaudah",1745.0,1797.0,['en'],3591.0,"{'Slaves -- United States -- Biography', 'Equiano, Olaudah, 1745-1797', 'Slaves -- Great Britain -- Biography'}",Text,1789,44.0,2,0.0
12764,PG2148_text.txt,The Works of Edgar Allan Poe — Volume 2,"Poe, Edgar Allan",1809.0,1849.0,['en'],3539.0,"{'Horror tales, American', 'Fantasy fiction', 'American fiction -- 19th century', 'Short stories'}",Text,1829,20.0,0,2.0
27666,PG34901_text.txt,On Liberty,"Mill, John Stuart",1806.0,1873.0,['en'],3531.0,{'Liberty'},Text,1859,53.0,3,3.0
2444,PG121_text.txt,Northanger Abbey,"Austen, Jane",1775.0,1817.0,['en'],3519.0,"{'England -- Social life and customs -- 19th century -- Fiction', 'England -- Fiction', 'Young women -- Fiction', 'Love stories', 'Gentry -- England -- Fiction', 'Horror tales -- Appreciation -- Fiction', 'Satire', 'Marriage -- Economic aspects -- Fiction', 'Books and reading -- Fiction', 'Gothic fiction'}",Text,1817,42.0,2,1.0
4442,PG1399_text.txt,Anna Karenina,"Tolstoy, Leo, graf",1828.0,1910.0,['en'],3493.0,"{'Love stories', 'Adultery -- Fiction', 'Married women -- Fiction', 'Russia -- Fiction', 'Didactic fiction'}",Text,1877,49.0,2,4.0
4666,PG141_text.txt,Mansfield Park,"Austen, Jane",1775.0,1817.0,['en'],3367.0,"{'Country homes -- Fiction', 'England -- Fiction', 'Young women -- Fiction', 'Domestic fiction', 'Love stories', 'Cousins -- Fiction', 'Children of the rich -- Fiction', 'Adoptees -- Fiction', 'Uncles -- Fiction'}",Text,1821,46.0,2,2.0
5110,PG145_text.txt,Middlemarch,"Eliot, George",1819.0,1880.0,['en'],2984.0,"{'Married people -- Fiction', 'Bildungsromans', 'England -- Fiction', 'Young women -- Fiction', 'Domestic fiction', 'Love stories', 'City and town life -- Fiction', 'Didactic fiction'}",Text,1871,52.0,3,4.0
56628,PG766_text.txt,David Copperfield,"Dickens, Charles",1812.0,1870.0,['en'],2898.0,"{'Bildungsromans', 'Child labor -- Fiction', 'England -- Fiction', 'Young men -- Fiction', 'Orphans -- Fiction', 'Stepfathers -- Fiction', 'Boys -- Fiction', 'Autobiographical fiction'}",Text,1850,38.0,2,3.0
15709,PG2413_text.txt,Madame Bovary,"Flaubert, Gustave",1821.0,1880.0,['en'],2742.0,"{""Physicians' spouses -- Fiction"", 'Domestic fiction', 'Suicide victims -- Fiction', 'Adultery -- Fiction', 'France -- Fiction', 'Married women -- Fiction', 'Middle class -- Fiction'}",Text,1856,35.0,2,3.0
750,PG10676_text.txt,The Reign of Greed,"Rizal, José",1861.0,1896.0,['en'],2684.0,"{'Nationalists -- Philippines -- Fiction', 'Philippines -- History -- Fiction', 'Philippine fiction (Spanish) -- Translations into English'}",Text,1891,30.0,1,5.0
58140,PG902_text.txt,"The Happy Prince, and Other Tales","Wilde, Oscar",1854.0,1900.0,['en'],2620.0,"{""Children's stories, English"", 'Short stories, English', 'Fairy tales'}",Text,1888,34.0,1,5.0
24197,PG3177_text.txt,Roughing It,"Twain, Mark",1835.0,1910.0,['en'],2423.0,"{'Authors, American -- Homes and haunts -- West (U.S.)', 'West (U.S.) -- Description and travel', 'West (U.S.) -- Intellectual life -- 19th century', 'Twain, Mark, 1835-1910 -- Travel -- West (U.S.)'}",Text,1867,32.0,1,4.0
57173,PG815_text.txt,Democracy in America — Volume 1,"Tocqueville, Alexis de",1805.0,1859.0,['en'],2422.0,"{'United States -- Social conditions', 'Democracy -- United States', 'United States -- Politics and government'}",Text,1840,35.0,2,2.0
58473,PG932_text.txt,The Fall of the House of Usher,"Poe, Edgar Allan",1809.0,1849.0,['en'],2325.0,"{'Short stories', 'Gothic fiction', 'Horror tales'}",Text,1840,31.0,1,2.0
36664,PG42_text.txt,The Strange Case of Dr. Jekyll and Mr. Hyde,"Stevenson, Robert Louis",1850.0,1894.0,['en'],2197.0,"{'Physicians -- Fiction', 'London (England) -- Fiction', 'Science fiction', 'Multiple personality -- Fiction', 'Self-experimentation in medicine -- Fiction', 'Psychological fiction', 'Horror tales'}",Text,1886,36.0,2,5.0
12753,PG2147_text.txt,The Works of Edgar Allan Poe — Volume 1,"Poe, Edgar Allan",1809.0,1849.0,['en'],2192.0,"{'Poe, Edgar Allan, 1809-1849', 'Fantasy fiction', 'Horror tales, American', 'American fiction -- 19th century'}",Text,1829,20.0,0,2.0
24186,PG3176_text.txt,The Innocents Abroad,"Twain, Mark",1835.0,1910.0,['en'],2159.0,"{'Voyages and travels', 'Europe -- Description and travel', 'Middle East -- Description and travel'}",Text,1867,32.0,1,4.0
8,PG10007_text.txt,Carmilla,"Le Fanu, Joseph Sheridan",1814.0,1873.0,['en'],2158.0,"{'Vampires -- Fiction', 'Young women -- Fiction'}",Text,1871,57.0,3,4.0
23220,PG308_text.txt,Three Men in a Boat,"Jerome, Jerome K. (Jerome Klapka)",1859.0,1927.0,['en'],2138.0,"{'Young men -- Travel -- England -- Thames River -- Fiction', 'Male friendship -- Fiction', 'Dogs -- Fiction', 'Thames River (England) -- Fiction', 'Humorous stories, English', 'Boats and boating -- England -- Thames River -- Fiction'}",Text,1900,41.0,2,5.0
25565,PG3300_text.txt,An Inquiry into the Nature and Causes of the Wealth of Nations,"Smith, Adam",1723.0,1790.0,['en'],2084.0,{'Economics'},Text,1776,53.0,3,0.0
36452,PG4280_text.txt,The Critique of Pure Reason,"Kant, Immanuel",1724.0,1804.0,['en'],1959.0,"{'Philosophy, German', 'Causation', 'Reason', 'Knowledge, Theory of'}",Text,1790,66.0,4,0.0
1222,PG110_text.txt,Tess of the d'Urbervilles: A Pure Woman,"Hardy, Thomas",1840.0,1928.0,['en'],1917.0,"{'Women murderers -- Fiction', 'Women household employees -- Fiction', 'Triangles (Interpersonal relations) -- Fiction', 'Poor families -- Fiction', 'Children of the rich -- Fiction', 'Wessex (England) -- Fiction', 'Pastoral fiction', 'Man-woman relationships -- Fiction', 'Children of clergy -- Fiction', 'Rape victims -- Fiction', 'Didactic fiction'}",Text,1892,52.0,3,5.0
16975,PG2527_text.txt,The Sorrows of Young Werther,"Goethe, Johann Wolfgang von",1749.0,1832.0,['en'],1911.0,"{'Young men -- Germany -- Fiction', 'Germany -- Social life and customs -- Fiction', 'Unrequited love -- Fiction'}",Text,1774,25.0,1,0.0
45908,PG5131_text.txt,Childe Harold's Pilgrimage,"Byron, George Gordon Byron, Baron",1788.0,1824.0,['en'],1901.0,"{'English poetry', 'Pilgrims and pilgrimages -- Europe -- Poetry', 'Voyages and travels -- Poetry'}",Text,1818,30.0,1,1.0
7221,PG164_text.txt,Twenty Thousand Leagues under the Sea,"Verne, Jules",1828.0,1905.0,['en'],1899.0,"{'Science fiction', 'Underwater exploration -- Fiction', 'Submarines (Ships) -- Fiction', 'Sea stories'}",Text,1870,42.0,2,4.0
58798,PG9622_text.txt,"Lyrical Ballads, With a Few Other Poems (1798)","Wordsworth, William",1770.0,1850.0,['en'],1830.0,{'English poetry -- 18th century'},Text,1798,28.0,1,0.0
26898,PG3420_text.txt,A Vindication of the Rights of Woman: With Strictures on Political and Moral Subjects,"Wollstonecraft, Mary",1759.0,1797.0,['en'],1828.0,"{""Women's rights -- Great Britain"", 'Women -- History -- 19th century', 'Women -- Education -- Great Britain', 'Feminism'}",Text,1792,33.0,1,0.0
3794,PG13415_text.txt,The Lady with the Dog and Other Stories,"Chekhov, Anton Pavlovich",1860.0,1904.0,['en'],1791.0,"{'Russia -- Social life and customs -- Fiction', 'Chekhov, Anton Pavlovich, 1860-1904 -- Translations into English'}",Text,1899,39.0,2,5.0
4499,PG1404_text.txt,The Federalist Papers,"Hamilton, Alexander",1757.0,1804.0,['en'],1758.0,"{'Constitutional law -- United States', 'Constitutional history -- United States -- Sources'}",Text,1788,31.0,1,0.0
333,PG102_text.txt,The Tragedy of Pudd'nhead Wilson,"Twain, Mark",1835.0,1910.0,['en'],1716.0,"{'Legal stories', 'Trials (Murder) -- Fiction', 'Passing (Identity) -- Fiction', 'Race relations -- Fiction', 'Impostors and imposture -- Fiction', 'Infants switched at birth -- Fiction', 'Missouri -- Fiction'}",Text,1894,59.0,3,5.0
50108,PG550_text.txt,Silas Marner,"Eliot, George",1819.0,1880.0,['en'],1670.0,"{'Fathers and daughters -- Fiction', 'Weavers -- Fiction', 'England -- Fiction', 'Adopted children -- Fiction', 'Domestic fiction', 'Foundlings -- Fiction'}",Text,1861,42.0,2,4.0
29096,PG3618_text.txt,Arms and the Man,"Shaw, Bernard",1856.0,1950.0,['en'],1630.0,"{'Soldiers -- Bulgaria -- Drama', 'Man-woman relationships -- Drama', 'Italians -- Bulgaria -- Drama', 'Bulgaria -- Drama', 'War -- Drama', 'Love -- Drama', 'Serbo-Bulgarian War, 1885 -- Drama'}",Text,5,1898,42.0,2
1145,PG11030_text.txt,"Incidents in the Life of a Slave Girl, Written by Herself","Jacobs, Harriet A. (Harriet Ann)",1813.0,1897.0,['en'],1604.0,"{'Jacobs, Harriet A. (Harriet Ann), 1813-1897', 'Slaves -- United States -- Biography', 'Women slaves -- United States -- Biography', 'Slaves -- United States -- Social conditions'}",Text,4,1861,48.0,2
57384,PG834_text.txt,The Memoirs of Sherlock Holmes,"Doyle, Arthur Conan",1859.0,1930.0,['en'],1578.0,"{'Holmes, Sherlock (Fictitious character) -- Fiction', 'Private investigators -- England -- Fiction', 'Detective and mystery stories, English'}",Text,5,1893,34.0,1
53774,PG583_text.txt,The Woman in White,"Collins, Wilkie",1824.0,1889.0,['en'],1531.0,"{'Deception -- Fiction', 'Country homes -- Fiction', 'England -- Fiction', 'Art teachers -- Fiction', 'Love stories', 'Nobility -- Fiction', 'Psychological fiction', 'Psychiatric hospital patients -- Fiction', 'Inheritance and succession -- Fiction', 'Gothic fiction'}",Text,3,1859,35.0,2
58939,PG974_text.txt,The Secret Agent: A Simple Tale,"Conrad, Joseph",1857.0,1924.0,['en'],1409.0,"{'Anarchists -- Fiction', 'London (England) -- Fiction', 'Conspiracies -- Fiction', 'Bombings -- Fiction', 'Political fiction'}",Text,5,1886,29.0,1
55720,PG6852_text.txt,Venus in Furs,"Sacher-Masoch, Leopold, Ritter von",1835.0,1895.0,['en'],1389.0,"{'Sadomasochism -- Fiction', 'Erotic stories'}",Text,4,1870,35.0,2
34936,PG41445_text.txt,"Frankenstein; Or, The Modern Prometheus","Shelley, Mary Wollstonecraft",1797.0,1851.0,['en'],1359.0,"{'Science fiction', 'Monsters -- Fiction', ""Frankenstein's monster (Fictitious character) -- Fiction"", 'Frankenstein, Victor (Fictitious character) -- Fiction', 'Scientists -- Fiction', 'Gothic fiction', 'Horror tales'}",Text,2,1823,26.0,1
53441,PG580_text.txt,The Pickwick Papers,"Dickens, Charles",1812.0,1870.0,['en'],1350.0,"{'Men -- Societies and clubs -- Fiction', 'Humorous stories', 'England -- Fiction', 'Male friendship -- Fiction'}",Text,2,1836,24.0,0
32374,PG3913_text.txt,The Confessions of Jean Jacques Rousseau — Complete,"Rousseau, Jean-Jacques",1712.0,1778.0,['en'],1279.0,"{'Authors, French -- 18th century -- Biography', 'Rousseau, Jean-Jacques, 1712-1778'}",Text,0,1782,70.0,4
35913,PG42324_text.txt,"Frankenstein; Or, The Modern Prometheus","Shelley, Mary Wollstonecraft",1797.0,1851.0,['en'],1270.0,"{'Science fiction', 'Monsters -- Fiction', ""Frankenstein's monster (Fictitious character) -- Fiction"", 'Frankenstein, Victor (Fictitious character) -- Fiction', 'Scientists -- Fiction', 'Gothic fiction', 'Horror tales'}",Text,2,1823,26.0,1
4118,PG13707_text.txt,Twice Told Tales,"Hawthorne, Nathaniel",1804.0,1864.0,['en'],1270.0,"{'New England -- Social life and customs -- Fiction', 'Historical fiction, American', 'Short stories'}",Text,3,1842,38.0,2
11143,PG2002_text.txt,Sonnets from the Portuguese,"Browning, Elizabeth Barrett",1806.0,1861.0,['en'],1241.0,"{'Sonnets, English', 'Love poetry, English'}",Text,3,1850,44.0,2
887,PG1079_text.txt,"The Life and Opinions of Tristram Shandy, Gentleman","Sterne, Laurence",1713.0,1768.0,['en'],1186.0,"{'Stream of consciousness fiction', 'Fetus -- Fiction', 'Fiction -- Authorship -- Fiction', 'Experimental fiction', 'Infants -- Fiction'}",Text,0,1767,54.0,3
54864,PG6081_text.txt,Biographia Literaria,"Coleridge, Samuel Taylor",1772.0,1834.0,['en'],1182.0,"{'Aesthetics', 'Poetry', 'Criticism', 'Wordsworth, William, 1770-1850. Lyrical ballads'}",Text,1,1817,45.0,2
38663,PG447_text.txt,Maggie: A Girl of the Streets,"Crane, Stephen",1871.0,1900.0,['en'],1153.0,"{'Poor women -- Fiction', 'Suicide victims -- Fiction', 'Poor families -- Fiction', 'Slums -- Fiction', 'New York (N.Y.) -- Fiction', 'Psychological fiction', 'Prostitutes -- Fiction'}",Text,5,1896,25.0,1
11565,PG2040_text.txt,Confessions of an English Opium-Eater,"De Quincey, Thomas",1785.0,1859.0,['en'],1144.0,"{'De Quincey, Thomas, 1785-1859', 'Drug addicts -- Great Britain -- Biography', 'Authors, English -- 19th century -- Biography', 'Opium abuse -- England'}",Text,3,1856,71.0,4
57184,PG816_text.txt,Democracy in America — Volume 2,"Tocqueville, Alexis de",1805.0,1859.0,['en'],1072.0,"{'United States -- Social conditions', 'Democracy -- United States', 'United States -- Politics and government'}",Text,2,1840,35.0,2
44553,PG500_text.txt,The Adventures of Pinocchio,"Collodi, Carlo",1826.0,1890.0,['en'],1053.0,"{'Puppets -- Juvenile fiction', 'Pinocchio (Fictitious character) -- Juvenile fiction', 'Fairy tales'}",Text,5,1883,57.0,3
40367,PG46333_text.txt,The Social Contract & Discourses,"Rousseau, Jean-Jacques",1712.0,1778.0,['en'],1038.0,"{'Economics', 'Social contract', 'Political science -- Early works to 1800'}",Text,0,1754,42.0,2
58628,PG946_text.txt,Lady Susan,"Austen, Jane",1775.0,1817.0,['en'],1035.0,"{'Mate selection -- Fiction', 'Mothers and daughters -- Fiction', 'Widows -- Fiction', 'England -- Fiction', 'Epistolary fiction'}",Text,4,1871,96.0,4
4888,PG143_text.txt,The Mayor of Casterbridge,"Hardy, Thomas",1840.0,1928.0,['en'],1029.0,"{'Fathers and daughters -- Fiction', 'Atonement -- Fiction', 'Men -- England -- Fiction', 'Runaway husbands -- Fiction', 'Wessex (England) -- Fiction', 'Psychological fiction', 'Mayors -- Fiction'}",Text,5,1886,46.0,2
58883,PG969_text.txt,The Tenant of Wildfell Hall,"Brontë, Anne",1820.0,1849.0,['en'],1018.0,"{'England -- Social life and customs -- 19th century -- Fiction', 'Landlord and tenant -- Fiction', 'England -- Fiction', 'Domestic fiction', 'Alcoholics -- Fiction', 'Married women -- Fiction'}",Text,3,1854,34.0,1
11443,PG202_text.txt,My Bondage and My Freedom,"Douglass, Frederick",1818.0,1895.0,['en'],1014.0,"{'Antislavery movements -- United States -- History -- 19th century', 'Fugitive slaves -- Maryland -- Biography', 'African American abolitionists -- Biography', 'Slaves -- Maryland -- Social conditions -- 19th century', 'Plantation life -- Maryland -- History -- 19th century', 'Douglass, Frederick, 1818-1895', 'Abolitionists -- United States -- Biography'}",Text,3,1855,37.0,2
36897,PG4320_text.txt,An Enquiry Concerning the Principles of Morals,"Hume, David",1711.0,1776.0,['en'],1008.0,"{'Conduct of life', 'Ethics'}",Text,0,1776,65.0,4
15875,PG2428_text.txt,An Essay on Man; Moral Essays and Satires,"Pope, Alexander",1688.0,1744.0,['en'],1004.0,{'English poetry -- 18th century'},Text,0,1759,71.0,4
2221,PG119_text.txt,A Tramp Abroad,"Twain, Mark",1835.0,1910.0,['en'],1001.0,"{'Europe -- Fiction', 'Walking -- Fiction', 'Americans -- Europe -- Fiction', 'Humorous stories'}",Text,4,1880,45.0,2
57159,PG8147_text.txt,The Man Who Would Be King,"Kipling, Rudyard",1865.0,1936.0,['en'],979.0,"{'Kings and rulers -- Fiction', 'British -- Afghanistan -- Fiction', 'Political fiction', 'Afghanistan -- Fiction'}",Text,5,1895,30.0,1
51762,PG5658_text.txt,Lord Jim,"Conrad, Joseph",1857.0,1924.0,['en'],971.0,"{'Atonement -- Fiction', 'Merchant marine -- Officers -- Fiction', 'British -- Indonesia -- Fiction', 'Indonesia -- Fiction', 'Psychological fiction', 'Cowardice -- Fiction'}",Text,5,1900,43.0,2
58817,PG963_text.txt,Little Dorrit,"Dickens, Charles",1812.0,1870.0,['en'],968.0,"{'Fathers and daughters -- Fiction', 'Domestic fiction', 'London (England) -- Fiction', 'Debt, Imprisonment for -- Fiction', 'Love stories', 'Inheritance and succession -- Fiction', 'Marshalsea Prison (Southwark, London, England) -- Fiction', 'Children of prisoners -- Fiction'}",Text,3,1857,45.0,2
20375,PG2833_text.txt,The Portrait of a Lady — Volume 1,"James, Henry",1843.0,1916.0,['en'],939.0,"{'Fathers and daughters -- Fiction', 'Americans -- Italy -- Fiction', 'Triangles (Interpersonal relations) -- Fiction', 'Love stories', 'Archer, Isabel (Fictitious character) -- Fiction', 'Married women -- Fiction', 'Psychological fiction', 'Inheritance and succession -- Fiction', 'Italy -- Fiction'}",Text,5,1881,38.0,2
52452,PG5720_text.txt,A Shropshire Lad,"Housman, A. E. (Alfred Edward)",1859.0,1936.0,['en'],928.0,{'Shropshire (England) -- Poetry'},Text,5,1896,37.0,2
1021,PG1091_text.txt,"On Heroes, Hero-Worship, and the Heroic in History","Carlyle, Thomas",1795.0,1881.0,['en'],926.0,"{'Heroes', 'Hero worship'}",Text,3,1841,46.0,2
5024,PG14522_text.txt,The Canterville Ghost,"Wilde, Oscar",1854.0,1900.0,['en'],925.0,"{'England -- Fiction', 'Ghosts -- Fiction'}",Text,5,1887,33.0,1
16129,PG24518_text.txt,Memoirs of Extraordinary Popular Delusions and the Madness of Crowds,"Mackay, Charles",1814.0,1889.0,['en'],905.0,"{'Social psychology', 'Delusions', 'Hallucinations and illusions', 'Stock exchanges -- Psychological aspects', 'Swindlers and swindling', 'Common fallacies', 'Impostors and imposture', 'Investments -- Psychological aspects', 'Occultism -- Early works to 1900', 'Alchemy'}",Text,3,1841,27.0,1
6508,PG15859_text.txt,The Piazza Tales,"Melville, Herman",1819.0,1891.0,['en'],889.0,"{'Manners and customs -- Fiction', 'Short stories'}",Text,3,1855,36.0,2
58861,PG967_text.txt,Nicholas Nickleby,"Dickens, Charles",1812.0,1870.0,['en'],885.0,"{'England -- Social life and customs -- 19th century -- Fiction', 'Picaresque literature', 'Bildungsromans', 'Theatrical companies -- Fiction', 'England -- Fiction', 'Poor families -- Fiction', 'Young men -- Fiction', 'Boarding schools -- Fiction'}",Text,2,1839,27.0,1
2555,PG122_text.txt,The Return of the Native,"Hardy, Thomas",1840.0,1928.0,['en'],878.0,"{'Mate selection -- Fiction', 'People with visual disabilities -- Fiction', 'Love stories', 'Adultery -- Fiction', 'Wessex (England) -- Fiction', 'Mothers and sons -- Fiction', 'Heathlands -- Fiction', 'Didactic fiction'}",Text,4,1878,38.0,2
54948,PG6157_text.txt,"What Men Live By, and Other Tales","Tolstoy, Leo, graf",1828.0,1910.0,['en'],878.0,"{'Peasants -- Russia -- Fiction', 'Russia -- Fiction'}",Text,5,1885,57.0,3
7989,PG17192_text.txt,The Raven,"Poe, Edgar Allan",1809.0,1849.0,['en'],863.0,"{'Ravens -- Poetry', 'Fantasy poetry, American'}",Text,3,1845,36.0,2
28772,PG35898_text.txt,The Seven Lamps of Architecture,"Ruskin, John",1819.0,1900.0,['en'],862.0,{'Architecture'},Text,3,1849,30.0,1
6666,PG15_text.txt,Moby Dick,"Melville, Herman",1819.0,1891.0,['en'],852.0,"{'Mentally ill -- Fiction', 'Ahab, Captain (Fictitious character) -- Fiction', 'Whaling -- Fiction', 'Whaling ships -- Fiction', 'Psychological fiction', 'Adventure stories', 'Sea stories', 'Whales -- Fiction', 'Ship captains -- Fiction'}",Text,3,1850,31.0,1
31269,PG38145_text.txt,"Human, All Too Human: A Book for Free Spirits","Nietzsche, Friedrich Wilhelm",1844.0,1900.0,['en'],850.0,{'Human beings'},Text,4,1880,36.0,2
10372,PG19337_text.txt,A Christmas Carol,"Dickens, Charles",1812.0,1870.0,['en'],844.0,"{'London (England) -- Fiction', 'Sick children -- Fiction', 'Ghost stories', 'Misers -- Fiction', 'Poor families -- Fiction', 'Scrooge, Ebenezer (Fictitious character) -- Fiction', 'Christmas stories'}",Text,3,1843,31.0,1
55537,PG6688_text.txt,The Mill on the Floss,"Eliot, George",1819.0,1880.0,['en'],842.0,"{'Loss (Psychology) -- Fiction', 'Domestic fiction', 'England -- Fiction', 'Water mills -- Fiction', 'Brothers and sisters -- Fiction', 'Love stories', 'Vendetta -- Fiction', 'Young women -- Fiction', 'Conflict of generations -- Fiction', 'Psychological fiction'}",Text,3,1860,41.0,2
32218,PG389_text.txt,The Great God Pan,"Machen, Arthur",1863.0,1947.0,['en'],837.0,"{'Paranormal fiction', 'Horror tales'}",Text,5,1894,31.0,1
25208,PG3268_text.txt,The Mysteries of Udolpho,"Radcliffe, Ann Ward",1764.0,1823.0,['en'],823.0,"{'Young women -- Fiction', 'Italy -- Fiction', 'Castles -- Fiction', 'Guardian and ward -- Fiction', 'Orphans -- Fiction', 'Inheritance and succession -- Fiction', 'Gothic fiction', 'Horror tales'}",Text,0,1794,30.0,1
2328,PG12096_text.txt,"Bushido, the Soul of Japan","Nitobe, Inazo",1862.0,1933.0,['en'],810.0,"{'Japan -- Social life and customs', 'Samurai -- History', 'Philosophy, Japanese', 'Bushido', 'Ethics -- Japan', 'Japan -- Civilization'}",Text,5,1900,38.0,2
5999,PG153_text.txt,Jude the Obscure,"Hardy, Thomas",1840.0,1928.0,['en'],806.0,"{'Unmarried couples -- Fiction', 'Love stories', 'Adultery -- Fiction', 'Wessex (England) -- Fiction', 'Illegitimate children -- Fiction', 'Children -- Death -- Fiction', 'Stonemasons -- Fiction', 'Didactic fiction'}",Text,5,1895,55.0,3
34440,PG4099_text.txt,The Angel in the House,"Patmore, Coventry",1823.0,1896.0,['en'],800.0,"{'Husband and wife -- Poetry', 'Women -- Conduct of life -- Poetry', 'Marriage -- Poetry'}",Text,3,1847,24.0,0
55896,PG700_text.txt,The Old Curiosity Shop,"Dickens, Charles",1812.0,1870.0,['en'],794.0,"{'Grandfathers -- Fiction', 'Girls -- Fiction', 'Domestic fiction', 'England -- Fiction', 'Grandparent and child -- Fiction', 'Antique dealers -- Fiction', 'Gamblers -- Fiction', 'Didactic fiction'}",Text,3,1841,29.0,1
5777,PG151_text.txt,The Rime of the Ancient Mariner,"Coleridge, Samuel Taylor",1772.0,1834.0,['en'],776.0,{'Poetry'},Text,1,1817,45.0,2
2643,PG1237_text.txt,Father Goriot,"Balzac, Honoré de",1799.0,1850.0,['en'],774.0,"{'Fathers and daughters -- Fiction', 'French fiction -- Translations into English', 'Paris (France) -- Fiction', 'France -- History -- Louis XVIII, 1814-1824 -- Fiction', 'Older men -- Fiction'}",Text,2,1834,35.0,2
12798,PG2151_text.txt,The Works of Edgar Allan Poe — Volume 5,"Poe, Edgar Allan",1809.0,1849.0,['en'],771.0,"{'Horror tales, American', 'American poetry', 'American fiction -- 19th century', 'Fantasy fiction'}",Text,2,1829,20.0,0
2987,PG1268_text.txt,The Mysterious Island,"Verne, Jules",1828.0,1905.0,['en'],765.0,"{'Science fiction', 'Islands of the Pacific -- Fiction', 'Adventure stories', 'Castaways -- Fiction'}",Text,5,1882,54.0,3
910,PG1081_text.txt,Dead Souls,"Gogol, Nikolai Vasilevich",1809.0,1852.0,['en'],761.0,"{'Satire', 'Russia -- Social life and customs -- 1533-1917 -- Fiction', 'Swindlers and swindling -- Russia -- Fiction', 'Humorous stories'}",Text,3,1842,33.0,1
11977,PG20781_text.txt,Heidi: (Gift Edition),"Spyri, Johanna",1827.0,1901.0,['en'],760.0,"{'Grandfathers -- Fiction', 'Orphans -- Fiction', 'Mountain life -- Switzerland -- Fiction', 'Switzerland -- History -- 19th century -- Fiction'}",Text,5,1881,54.0,3
21608,PG2944_text.txt,Essays — First Series,"Emerson, Ralph Waldo",1803.0,1882.0,['en'],754.0,{'American essays -- 19th century'},Text,3,1841,38.0,2
21063,PG2895_text.txt,Following the Equator: A Journey Around the World,"Twain, Mark",1835.0,1910.0,['en'],751.0,"{'Twain, Mark, 1835-1910 -- Travel', 'Voyages around the world', 'Equator -- Description and travel'}",Text,5,1897,62.0,3
8691,PG17824_text.txt,Little Black Sambo,"Bannerman, Helen",1862.0,1946.0,['en'],748.0,"{'Tiger -- Juvenile fiction', 'Pride and vanity -- Juvenile fiction', ""Children's stories"", 'Boys -- Juvenile fiction', 'India -- Juvenile fiction'}",Text,5,1899,37.0,2
23058,PG30754_text.txt,"The Stones of Venice, Volume 1 (of 3)","Ruskin, John",1819.0,1900.0,['en'],734.0,{'Architecture -- Italy -- Venice'},Text,3,1853,34.0,1
47243,PG52521_text.txt,Grimm's Fairy Tales,"Grimm, Wilhelm",1786.0,1859.0,['en'],733.0,"{'Fairy tales -- Germany', ""Children's stories, German -- Translations into English"", 'Fairy tales'}",Text,3,1857,71.0,4
151,PG10136_text.txt,The Book of Household Management,"Beeton, Mrs. (Isabella Mary)",1836.0,1865.0,['en'],731.0,"{'Cooking, English', 'Home economics'}",Text,4,1861,25.0,1
54796,PG601_text.txt,The Monk: A Romance,"Lewis, M. G. (Matthew Gregory)",1775.0,1818.0,['en'],725.0,"{'Monks -- Fiction', 'Madrid (Spain) -- Fiction', 'Gothic fiction', 'Horror tales'}",Text,0,1796,21.0,0
24208,PG3178_text.txt,The Gilded Age: A Tale of Today,"Warner, Charles Dudley",1829.0,1900.0,['en'],722.0,"{'Legislators -- Fiction', 'Businessmen -- Fiction', 'Satire', 'Political fiction', 'Political corruption -- Fiction', 'Washington (D.C.) -- Fiction', 'Speculation -- Fiction'}",Text,5,1900,71.0,4
35663,PG4209_text.txt,At the Mercy of Tiberius,"Evans, Augusta J. (Augusta Jane)",1835.0,1909.0,['en'],710.0,"{'Rome -- History -- Tiberius, 14-37 -- Fiction'}",Text,4,1868,33.0,1
11653,PG2048_text.txt,The Sketch-Book of Geoffrey Crayon,"Irving, Washington",1783.0,1859.0,['en'],708.0,"{'Catskill Mountains Region (N.Y.) -- Fiction', 'Hudson River Valley (N.Y. and N.J.) -- Fiction', 'Fantasy fiction, American', 'Americans -- England -- History -- 19th century', 'Irving, Washington, 1783-1859 -- Travel -- England', 'England -- Social life and customs -- 19th century'}",Text,1,1820,37.0,2
40746,PG46675_text.txt,"Oliver Twist; or, The Parish Boy's Progress. Illustrated","Dickens, Charles",1812.0,1870.0,['en'],702.0,"{'Bildungsromans', 'London (England) -- Fiction', 'Kidnapping victims -- Fiction', 'Criminals -- Fiction', 'Orphans -- Fiction', 'Boys -- Fiction'}",Text,2,1837,25.0,1
55051,PG624_text.txt,"Looking Backward, 2000 to 1887","Bellamy, Edward",1850.0,1898.0,['en'],695.0,"{'Two thousand, A.D. -- Fiction', 'Boston (Mass.) -- Fiction', 'Science fiction', 'Time travel -- Fiction', 'Utopian fiction', 'Social problems -- Fiction', 'Utopias -- Fiction'}",Text,5,1888,38.0,2
2377,PG1213_text.txt,The Man That Corrupted Hadleyburg,"Twain, Mark",1835.0,1910.0,['en'],685.0,"{'Humorous stories, American', 'United States -- Social life and customs -- 19th century -- Fiction'}",Text,5,1900,65.0,4
710,PG1063_text.txt,The Cask of Amontillado,"Poe, Edgar Allan",1809.0,1849.0,['en'],670.0,"{'Horror tales, American', 'Revenge -- Fiction'}",Text,3,1846,37.0,2
12787,PG2150_text.txt,The Works of Edgar Allan Poe — Volume 4,"Poe, Edgar Allan",1809.0,1849.0,['en'],651.0,"{'Horror tales, American', 'American fiction -- 19th century', 'Fantasy fiction', 'Short stories'}",Text,2,1829,20.0,0
24319,PG3188_text.txt,Mark Twain's Speeches,"Twain, Mark",1835.0,1910.0,['en'],645.0,"{'Speeches, addresses, etc., American'}",Text,5,1885,50.0,3
54896,PG610_text.txt,Idylls of the King,"Tennyson, Alfred Tennyson, Baron",1809.0,1892.0,['en'],634.0,"{'Knights and knighthood -- Poetry', 'Arthur, King -- Poetry', 'Arthurian romances -- Adaptations'}",Text,3,1850,41.0,2
39468,PG45524_text.txt,The Open Boat and Other Stories,"Crane, Stephen",1871.0,1900.0,['en'],625.0,"{'Short stories, American', 'United States -- Social life and customs -- 19th century -- Fiction'}",Text,5,1897,26.0,1
51884,PG5669_text.txt,Considerations on Representative Government,"Mill, John Stuart",1806.0,1873.0,['en'],622.0,{'Representative government and representation'},Text,4,1861,55.0,3
3920,PG13529_text.txt,"The Influence of Sea Power Upon History, 1660-1783","Mahan, A. T. (Alfred Thayer)",1840.0,1914.0,['en'],618.0,"{'Naval history, Modern', 'Sea-power'}",Text,5,1890,50.0,3
27742,PG34970_text.txt,Pierre; or The Ambiguities,"Melville, Herman",1819.0,1891.0,['en'],615.0,"{'Domestic fiction', 'Psychological fiction', 'Male authors -- Fiction', 'Men -- Fiction', 'Autobiographical fiction'}",Text,3,1852,33.0,1
18979,PG27083_text.txt,The Subjection of Women,"Mill, John Stuart",1806.0,1873.0,['en'],603.0,"{""Women's rights"", 'Women -- Social and moral questions'}",Text,4,1861,55.0,3
54475,PG59031_text.txt,"Journal 02, 1850-September 15, 1851: The Writings of Henry David Thoreau, Volume 08 (of 20)","Thoreau, Henry David",1817.0,1862.0,['en'],596.0,"{'Thoreau, Henry David, 1817-1862 -- Diaries', 'Authors, American -- 19th century -- Diaries'}",Text,4,1864,47.0,2
57240,PG821_text.txt,Dombey and Son,"Dickens, Charles",1812.0,1870.0,['en'],595.0,"{'Fathers and daughters -- Fiction', 'Domestic fiction', 'England -- Fiction', 'Family-owned business enterprises -- Fiction', 'Businesspeople -- Fiction', 'Dysfunctional families -- Fiction'}",Text,3,1848,36.0,2
58872,PG968_text.txt,Martin Chuzzlewit,"Dickens, Charles",1812.0,1870.0,['en'],595.0,"{'Grandfathers -- Fiction', 'Bildungsromans', 'British -- United States -- Fiction', 'Black humor', 'England -- Fiction', 'Young men -- Fiction', 'United States -- Description and travel -- Fiction', 'Satire', 'Avarice -- Fiction', 'Adventure stories'}",Text,3,1842,30.0,1
577,PG1051_text.txt,Sartor Resartus: The Life and Opinions of Herr Teufelsdröckh,"Carlyle, Thomas",1795.0,1881.0,['en'],591.0,"{'Germany -- Fiction', 'Clothing and dress -- Fiction', 'Satire', 'Philosophers -- Fiction', 'Conduct of life -- Fiction', 'Humorous stories', 'Didactic fiction'}",Text,2,1834,39.0,2
12775,PG2149_text.txt,The Works of Edgar Allan Poe — Volume 3,"Poe, Edgar Allan",1809.0,1849.0,['en'],586.0,"{'Horror tales, American', 'American fiction -- 19th century', 'Fantasy fiction'}",Text,2,1829,20.0,0
26050,PG33447_text.txt,The Pencil of Nature,"Talbot, William Henry Fox",1800.0,1877.0,['en'],585.0,{'Photography -- Early works to 1850'},Text,3,1846,46.0,2
6276,PG1564_text.txt,"Boswell's Life of Johnson: Abridged and edited, with an introduction by Charles Grosvenor Osgood","Boswell, James",1740.0,1795.0,['en'],574.0,"{'Authors, English -- 18th century -- Biography', 'Lexicographers -- Great Britain -- Biography', 'Johnson, Samuel, 1709-1784', 'Critics -- Great Britain -- Biography'}",Text,0,1763,23.0,0
51663,PG564_text.txt,The Mystery of Edwin Drood,"Dickens, Charles",1812.0,1870.0,['en'],573.0,"{'England -- Fiction', 'Missing persons -- Fiction', 'Triangles (Interpersonal relations) -- Fiction', 'Choral conductors -- Fiction', 'Mystery fiction', 'Separation (Psychology) -- Fiction', 'Psychological fiction', 'Cathedrals -- Fiction'}",Text,4,1870,58.0,3
43651,PG4928_text.txt,Bulfinch's Mythology,"Bulfinch, Thomas",1796.0,1867.0,['en'],563.0,"{'Charlemagne, Emperor, 742-814 -- Romances -- Adaptations', 'Mythology', 'Folklore -- Europe', 'Romances'}",Text,5,1881,85.0,4
13127,PG21816_text.txt,The Confidence-Man: His Masquerade,"Melville, Herman",1819.0,1891.0,['en'],550.0,"{'Satire', 'Swindlers and swindling -- Fiction', 'Steamboats -- Fiction', 'Mississippi River -- Fiction'}",Text,3,1857,38.0,2
56917,PG792_text.txt,"Wieland; Or, The Transformation: An American Tale","Brown, Charles Brockden",1771.0,1810.0,['en'],549.0,"{'Religious fanaticism -- Fiction', 'Combustion, Spontaneous -- Fiction', 'Brothers and sisters -- Fiction', 'Radicals -- Fiction', 'Fathers -- Death -- Fiction', 'Pennsylvania -- History -- Colonial period, ca. 1600-1775 -- Fiction', 'Psychological fiction', 'Epistolary fiction', 'Gothic fiction', 'Horror tales'}",Text,0,1798,27.0,1
12665,PG213_text.txt,The Man from Snowy River,"Paterson, A. B. (Andrew Barton)",1864.0,1941.0,['en'],548.0,{'Frontier and pioneer life -- Australia -- Poetry'},Text,5,1895,31.0,1
4955,PG14460_text.txt,"Faust; a Tragedy, Translated from the German of Goethe","Goethe, Johann Wolfgang von",1749.0,1832.0,['en'],542.0,"{'German poetry -- Translations into English', 'Legends -- Germany -- Drama', 'Magicians -- Drama', 'Faust, -approximately 1540 -- Drama'}",Text,2,1828,79.0,4
55984,PG708_text.txt,The Princess and the Goblin,"MacDonald, George",1824.0,1905.0,['en'],540.0,"{'Goblins -- Juvenile fiction', 'Fantasy literature', 'Princesses -- Juvenile fiction', ""Children's stories"", 'Fairy tales'}",Text,4,1872,48.0,2
58151,PG903_text.txt,The White Company,"Doyle, Arthur Conan",1859.0,1930.0,['en'],536.0,"{'British -- France -- Fiction', 'Knights and knighthood -- Fiction', 'War stories', 'Middle Ages -- Fiction', 'Archers -- Fiction', 'Historical fiction', ""Hundred Years' War, 1339-1453 -- Fiction""}",Text,5,1891,32.0,1
31518,PG3836_text.txt,Swiss Family Robinson,"Wyss, Johann David",1743.0,1818.0,['en'],527.0,"{'Survival -- Fiction', 'Family life -- Fiction', 'Islands -- Fiction'}",Text,1,1812,69.0,4
18598,PG26740_text.txt,The Picture of Dorian Gray,"Wilde, Oscar",1854.0,1900.0,['en'],526.0,"{'Paranormal fiction', 'Appearance (Philosophy) -- Fiction', 'Great Britain -- History -- Victoria, 1837-1901 -- Fiction', 'Conduct of life -- Fiction', 'Supernatural -- Fiction', 'London (England) -- History -- 1800-1950 -- Fiction', 'Portraits -- Fiction', 'Didactic fiction'}",Text,5,1890,36.0,2
58606,PG944_text.txt,The Voyage of the Beagle,"Darwin, Charles",1809.0,1882.0,['en'],526.0,"{'Voyages around the world -- History -- 19th century', 'Natural history', 'South America -- Discovery and exploration', 'Geology', 'Beagle Expedition (1831-1836)'}",Text,2,1836,27.0,1
14186,PG2276_text.txt,The Private Memoirs and Confessions of a Justified Sinner,"Hogg, James",1770.0,1835.0,['en'],519.0,"{'Scotland -- Fiction', 'Psychological fiction', 'Murderers -- Fiction'}",Text,2,1824,54.0,3
45330,PG507_text.txt,Adam Bede,"Eliot, George",1819.0,1880.0,['en'],517.0,"{'Carpenters -- Fiction', 'England -- Fiction', 'Love stories', 'Triangles (Interpersonal relations) -- Fiction', 'Illegitimate children -- Fiction', 'Infanticide -- Fiction', 'Women clergy -- Fiction', 'Didactic fiction'}",Text,3,1859,40.0,2
28925,PG36034_text.txt,"White Nights and Other Stories: The Novels of Fyodor Dostoevsky, Volume X","Dostoyevsky, Fyodor",1821.0,1881.0,['en'],501.0,"{'Russian fiction -- Translations into English', 'Dostoyevsky, Fyodor, 1821-1881 -- Translations into English'}",Text,4,1866,45.0,2
13152,PG21839_text.txt,Sense and Sensibility,"Austen, Jane",1775.0,1817.0,['en'],493.0,"{'England -- Social life and customs -- 19th century -- Fiction', 'Mate selection -- Fiction', 'England -- Fiction', 'Young women -- Fiction', 'Domestic fiction', 'Gentry -- England -- Fiction', 'Love stories', 'Sisters -- Fiction', 'Inheritance and succession -- Fiction', 'Regency fiction', 'Social classes -- Fiction'}",Text,1,1811,36.0,2
41818,PG4763_text.txt,The Game of Logic,"Carroll, Lewis",1832.0,1898.0,['en'],493.0,"{'Logic -- Juvenile literature', 'Logic, Symbolic and mathematical'}",Text,5,1897,65.0,4
37252,PG4352_text.txt,Laughter: An Essay on the Meaning of the Comic,"Bergson, Henri",1859.0,1941.0,['en'],487.0,"{'Philosophy, French', 'Laughter', 'Comedy'}",Text,5,1900,41.0,2
24330,PG3189_text.txt,Sketches New and Old,"Twain, Mark",1835.0,1910.0,['en'],482.0,"{'Humorous stories, American', 'United States -- Social life and customs -- Fiction'}",Text,4,1875,40.0,2
54581,PG59127_text.txt,"A Memoir of Robert Blincoe, an Orphan Boy","Brown, John",1810.0,1882.0,['en'],482.0,set(),Text,2,1832,22.0,0
45620,PG51060_text.txt,"The Narrative of Arthur Gordon Pym of Nantucket: Comprising the details of a mutiny and atrocious butchery on board the American brig Grampus, on her way to the South Seas, in the month of June, 1827.","Poe, Edgar Allan",1809.0,1849.0,['en'],480.0,"{'Stowaways -- Fiction', 'Young men -- Fiction', 'Sea stories', 'Whaling ships -- Fiction'}",Text,2,1838,29.0,1
8116,PG17306_text.txt,The Condition of the Working-Class in England in 1844: with a Preface written in 1892,"Engels, Friedrich",1820.0,1895.0,['en'],479.0,"{'Working class -- Great Britain', 'Great Britain -- Economic conditions'}",Text,3,1842,22.0,0
49207,PG5428_text.txt,A Defence of Poetry and Other Essays,"Shelley, Percy Bysshe",1792.0,1822.0,['en'],475.0,"{'English essays', 'Poetry'}",Text,2,1840,48.0,2
47679,PG52914_text.txt,The Will to Power: An Attempted Transvaluation of All Values. Book I and II,"Nietzsche, Friedrich Wilhelm",1844.0,1900.0,['en'],473.0,"{'Power (Philosophy)', 'Values', 'Nihilism (Philosophy)'}",Text,5,1888,44.0,2
55772,PG689_text.txt,The Kreutzer Sonata and Other Stories,"Tolstoy, Leo, graf",1828.0,1910.0,['en'],471.0,"{'Murder -- Fiction', 'Tolstoy, Leo, graf, 1828-1910 -- Translations into English', 'Jealousy -- Fiction', 'Russia -- Social life and customs -- Fiction', 'Short stories'}",Text,5,1889,61.0,3
54833,PG6053_text.txt,"Evelina, Or, the History of a Young Lady's Entrance into the World","Burney, Fanny",1752.0,1840.0,['en'],466.0,"{'Bildungsromans', 'Debutantes -- Fiction', 'London (England) -- Fiction', 'Young women -- Fiction', 'Love stories', 'Satire', 'Socialites -- Fiction', 'Epistolary fiction', 'Humorous stories'}",Text,0,1778,26.0,1
12820,PG2153_text.txt,Mary Barton,"Gaskell, Elizabeth Cleghorn",1810.0,1865.0,['en'],464.0,"{'Textile industry -- Fiction', 'Fathers and daughters -- Fiction', 'Trials (Murder) -- Fiction', 'Domestic fiction', 'Love stories', 'Triangles (Interpersonal relations) -- Fiction', 'Poor families -- Fiction', 'Manchester (England) -- Fiction', 'Labor unions -- Fiction', 'Political fiction', 'Working class women -- Fiction'}",Text,3,1842,32.0,1
40451,PG46409_text.txt,Heidi,"Spyri, Johanna",1827.0,1901.0,['en'],464.0,"{'Orphans -- Fiction', 'Grandfathers -- Fiction', 'Mountain life -- Switzerland -- Fiction', 'Switzerland -- History -- 19th century -- Fiction'}",Text,5,1881,54.0,3
20830,PG2874_text.txt,Personal Recollections of Joan of Arc — Volume 1,"Twain, Mark",1835.0,1910.0,['en'],460.0,"{'Christian women saints -- Fiction', 'France -- History -- Charles VII, 1422-1461 -- Fiction', 'Joan, of Arc, Saint, 1412-1431 -- Fiction', 'Biographical fiction'}",Text,5,1896,61.0,3
7998,PG171_text.txt,Charlotte Temple,"Rowson, Mrs.",1762.0,1824.0,['en'],457.0,"{'Runaway teenagers -- Fiction', 'Soldiers -- Fiction', 'Elopement -- Fiction', 'Teenage girls -- Fiction', 'Illegitimate children -- Fiction', 'British -- New York (State) -- New York -- Fiction', 'New York (N.Y.) -- Fiction', 'Psychological fiction', 'Teenage pregnancy -- Fiction', 'Seduction -- Fiction', 'Betrayal -- Fiction', 'Didactic fiction'}",Text,0,1794,32.0,1
9998,PG18_text.txt,The Federalist Papers,"Hamilton, Alexander",1757.0,1804.0,['en'],456.0,"{'Constitutional law -- United States', 'Constitutional history -- United States -- Sources'}",Text,0,1788,31.0,1
721,PG1064_text.txt,The Masque of the Red Death,"Poe, Edgar Allan",1809.0,1849.0,['en'],455.0,"{'Horror tales, American'}",Text,3,1842,33.0,1
28075,PG3526_text.txt,"Five Weeks in a Balloon: Or, Journeys and Discoveries in Africa by Three Englishmen","Verne, Jules",1828.0,1905.0,['en'],453.0,"{'Travel -- Fiction', 'Science fiction', 'Africa -- Fiction', 'Adventure stories', 'Balloons -- Fiction'}",Text,4,1863,35.0,2
23059,PG30755_text.txt,"The Stones of Venice, Volume 2 (of 3),","Ruskin, John",1819.0,1900.0,['en'],452.0,{'Architecture -- Italy -- Venice'},Text,3,1853,34.0,1
58506,PG935_text.txt,Self Help; with Illustrations of Conduct and Perseverance,"Smiles, Samuel",1812.0,1904.0,['en'],447.0,{'Conduct of life'},Text,4,1866,54.0,3
41128,PG47018_text.txt,"A Dictionary of Slang, Cant, and Vulgar Words: Used at the Present Day in the Streets of London; the Universities of Oxford and Cambridge; the Houses of Parliament; the Dens of St. Giles; and the Palaces of St. James.","Hotten, John Camden",1832.0,1873.0,['en'],446.0,"{'Cant -- England -- London -- Dictionaries', 'Oxford (England) -- Languages -- Dictionaries', 'English language -- Dialects -- England -- London -- Glossaries, vocabularies, etc.', 'Cambridge (England) -- Languages -- Dictionaries', 'English language -- England -- London -- Slang -- Dictionaries', 'Cant -- Dictionaries', 'London (England) -- Languages -- Dictionaries'}",Text,3,1859,27.0,1
38441,PG445_text.txt,The Crowd: A Study of the Popular Mind,"Le Bon, Gustave",1841.0,1931.0,['en'],444.0,{'Crowds'},Text,5,1895,54.0,3
45077,PG50572_text.txt,Goethe's Theory of Colours,"Goethe, Johann Wolfgang von",1749.0,1832.0,['en'],443.0,{'Color'},Text,2,1840,91.0,4
37613,PG43855_text.txt,"Franklin's Way to Wealth; or, ""Poor Richard Improved""","Franklin, Benjamin",1706.0,1790.0,['en'],442.0,"{'Maxims, American', 'Success'}",Text,0,1767,61.0,3
47019,PG5231_text.txt,The Way We Live Now,"Trollope, Anthony",1815.0,1882.0,['en'],438.0,"{'Mate selection -- Fiction', 'Capitalists and financiers -- Fiction', 'London (England) -- Fiction', 'Satire', 'Commercial crimes -- Fiction'}",Text,4,1875,60.0,3
58262,PG913_text.txt,A Hero of Our Time,"Lermontov, Mikhail Iurevich",1814.0,1841.0,['en'],435.0,"{'Russia -- Social life and customs -- 1533-1917 -- Fiction', 'Russia -- History, Military -- 1801-1917 -- Fiction', 'Psychological fiction', 'Caucasus -- Fiction'}",Text,3,1841,27.0,1
51104,PG55998_text.txt,London Labour and the London Poor (Vol. 1 of 4),"Mayhew, Henry",1812.0,1887.0,['en'],435.0,"{'Poor -- England -- London', 'Working class -- England -- London', 'London (England) -- Social conditions', 'Charities -- England -- London', 'Criminals -- England -- London', 'Prostitution -- England -- London', 'Unemployed -- England -- London'}",Text,4,1861,49.0,2
57664,PG8601_text.txt,The Early Poems of Alfred Lord Tennyson,"Tennyson, Alfred Tennyson, Baron",1809.0,1892.0,['en'],428.0,{'English poetry -- 19th century'},Text,2,1830,21.0,0
57917,PG882_text.txt,"Sketches by Boz, Illustrative of Every-Day Life and Every-Day People","Dickens, Charles",1812.0,1870.0,['en'],427.0,"{'London (England) -- Social life and customs -- 19th century -- Fiction', 'London (England) -- Social life and customs -- 19th century'}",Text,2,1839,27.0,1
4011,PG13610_text.txt,"Studies in the Psychology of Sex, Volume 1: The Evolution of Modesty; The Phenomena of Sexual Periodicity; Auto-Erotism","Ellis, Havelock",1859.0,1939.0,['en'],424.0,"{'Sex', 'Sex (Psychology)'}",Text,5,1896,37.0,2
1141,PG11027_text.txt,Grimm's Fairy Stories,"Grimm, Jacob",1785.0,1863.0,['en'],424.0,"{'Fairy tales -- Germany', 'Fairy tales'}",Text,3,1857,72.0,4
30115,PG37106_text.txt,"Little Women; Or, Meg, Jo, Beth, and Amy","Alcott, Louisa May",1832.0,1888.0,['en'],415.0,"{'Bildungsromans', 'Mothers and daughters -- Fiction', 'Domestic fiction', 'Young women -- Fiction', 'New England -- Fiction', 'Family life -- New England -- Fiction', 'March family (Fictitious characters) -- Fiction', 'Sisters -- Fiction', 'Autobiographical fiction'}",Text,4,1869,37.0,2
35,PG10031_text.txt,The Complete Poetical Works of Edgar Allan Poe: Including Essays on Poetry,"Poe, Edgar Allan",1809.0,1849.0,['en'],415.0,"{'Fantasy poetry, American'}",Text,2,1829,20.0,0
16679,PG25012_text.txt,"The Case of Wagner, Nietzsche Contra Wagner, and Selected Aphorisms.","Nietzsche, Friedrich Wilhelm",1844.0,1900.0,['en'],412.0,"{'Literature -- Collections', 'Essays', 'Music -- History and criticism', 'Wagner, Richard, 1813-1883'}",Text,4,1874,30.0,1
19064,PG2715_text.txt,The Real Thing and Other Tales,"James, Henry",1843.0,1916.0,['en'],401.0,"{'Married people -- Fiction', ""Artists' models -- Fiction"", 'Great Britain -- Social life and customs -- 19th century -- Fiction', 'Artists -- Fiction', 'Social classes -- Fiction', 'Short stories'}",Text,5,1892,49.0,2
16552,PG2489_text.txt,"Moby Dick; Or, The Whale","Melville, Herman",1819.0,1891.0,['en'],393.0,"{'Mentally ill -- Fiction', 'Ahab, Captain (Fictitious character) -- Fiction', 'Whaling -- Fiction', 'Whaling ships -- Fiction', 'Psychological fiction', 'Adventure stories', 'Sea stories', 'Whales -- Fiction', 'Ship captains -- Fiction'}",Text,3,1850,31.0,1
30485,PG3743_text.txt,The Writings of Thomas Paine — Volume 4 (1794-1796): The Age of Reason,"Paine, Thomas",1737.0,1809.0,['en'],392.0,"{'Rationalism', 'Philosophy and religion', 'Political science'}",Text,1,1807,70.0,4
42218,PG479_text.txt,Little Lord Fauntleroy,"Burnett, Frances Hodgson",1849.0,1924.0,['en'],391.0,"{'Altruism -- Juvenile fiction', 'Wealth -- Juvenile fiction', 'Conduct of life -- Juvenile fiction', 'Inheritance and succession -- Juvenile fiction', 'Family -- Juvenile fiction', 'Children -- Conduct of life -- Juvenile fiction', 'England -- Juvenile fiction', 'Mother and child -- Juvenile fiction', 'Grandfathers -- Juvenile fiction', 'Grandparent and child -- Juvenile fiction'}",Text,5,1888,39.0,2
56639,PG767_text.txt,Agnes Grey,"Brontë, Anne",1820.0,1849.0,['en'],391.0,"{'England -- Fiction', 'Feminist fiction', 'Governesses -- Fiction', 'Single women -- Fiction', 'Autobiographical fiction'}",Text,3,1850,30.0,1
11232,PG2010_text.txt,The Autobiography of Charles Darwin,"Darwin, Charles",1809.0,1882.0,['en'],388.0,"{'Darwin, Charles, 1809-1882', 'Darwin, Charles, 1809-1882. On the origin of species', 'Naturalists -- Great Britain -- Biography'}",Text,5,1882,73.0,4
49801,PG54824_text.txt,"The Secret Doctrine, Vol. 1 of 4","Blavatsky, H. P. (Helena Petrovna)",1831.0,1891.0,['en'],388.0,{'Theosophy'},Text,5,1888,57.0,3
27774,PG3499_text.txt,Jo's Boys,"Alcott, Louisa May",1832.0,1888.0,['en'],386.0,"{'Schools -- Fiction', 'Family life -- New England -- Fiction', 'New England -- Fiction', 'Boarding schools -- Fiction'}",Text,5,1886,54.0,3
38604,PG44747_text.txt,The Red and the Black: A Chronicle of 1830,Stendhal,1783.0,1842.0,['en'],385.0,"{'Bildungsromans', 'Young men -- France -- Fiction', 'Church and state -- Fiction', 'Ambition -- Fiction', 'France -- Fiction'}",Text,2,1830,47.0,2
5343,PG1480_text.txt,Tom Brown's School Days,"Hughes, Thomas",1822.0,1896.0,['en'],383.0,"{'Bildungsromans', 'Schools -- Fiction', 'England -- Fiction', 'Endowed public schools (Great Britain) -- Fiction', 'Rugby School -- Fiction', 'Boys -- Fiction'}",Text,3,1842,20.0,0
55642,PG6782_text.txt,The Robbers,"Schiller, Friedrich",1759.0,1805.0,['en'],381.0,{'Drama'},Text,0,1782,23.0,0
791,PG10712_text.txt,"White Jacket; Or, The World on a Man-of-War","Melville, Herman",1819.0,1891.0,['en'],381.0,"{'Naval discipline -- Fiction', 'Sailors -- Fiction', 'Warships -- Fiction', 'United States -- History, Naval -- 19th century -- Fiction', 'Sea stories', 'Flagellation -- Fiction'}",Text,3,1850,31.0,1
14918,PG23428_text.txt,The Conquest of Bread,"Kropotkin, Petr Alekseevich, kniaz",1842.0,1921.0,['en'],380.0,"{'Communism', 'Anarchism'}",Text,5,1894,52.0,3
12443,PG211_text.txt,The Aspern Papers,"James, Henry",1843.0,1916.0,['en'],379.0,"{'Venice (Italy) -- Fiction', 'Poets -- Fiction', 'Man-woman relationships -- Fiction', 'Psychological fiction', 'Manuscripts -- Collectors and collecting -- Fiction'}",Text,5,1888,45.0,2
40030,PG4602_text.txt,"""The Kingdom of God Is Within You"": Christianity Not as a Mystic Religion but as a New Theory of Life","Tolstoy, Leo, graf",1828.0,1910.0,['en'],371.0,"{'Christianity -- Essence, genius, nature', 'Government, Resistance to -- Religious aspects -- Christianity', 'Christianity -- Controversial literature', 'Nonviolence -- Religious aspects -- Christianity', 'Evil, Non-resistance to'}",Text,5,1894,66.0,4
4803,PG14323_text.txt,Là-bas,"Huysmans, J.-K. (Joris-Karl)",1848.0,1907.0,['en'],370.0,"{'Paranormal fiction', 'Rais, Gilles de, 1404-1440 -- Fiction', 'France -- History -- 15th century -- Fiction', 'Erotic stories', 'Satanism -- Fiction'}",Text,5,1891,43.0,2
4910,PG1441_text.txt,The Story of an African Farm,"Schreiner, Olive",1855.0,1920.0,['en'],369.0,"{'Bildungsromans', 'Farm life -- Fiction', 'Feminists -- Fiction', 'Young women -- Fiction', 'Africa, Southern -- Fiction', 'Historical fiction'}",Text,5,1883,28.0,1
27822,PG35041_text.txt,"Johann Sebastian Bach: His Life, Art, and Work","Forkel, Johann Nikolaus",1749.0,1818.0,['en'],367.0,"{'Composers -- Germany -- Biography', 'Bach, Johann Sebastian, 1685-1750'}",Text,1,1802,53.0,3
1850,PG11666_text.txt,The Conjure Woman,"Chesnutt, Charles W. (Charles Waddell)",1858.0,1932.0,['en'],367.0,"{'Southern States -- Social life and customs -- Fiction', 'African Americans -- Fiction'}",Text,5,1899,41.0,2
20386,PG2834_text.txt,The Portrait of a Lady — Volume 2,"James, Henry",1843.0,1916.0,['en'],366.0,"{'Fathers and daughters -- Fiction', 'Americans -- Italy -- Fiction', 'Love stories', 'Triangles (Interpersonal relations) -- Fiction', 'Archer, Isabel (Fictitious character) -- Fiction', 'Married women -- Fiction', 'Psychological fiction', 'Inheritance and succession -- Fiction', 'Italy -- Fiction'}",Text,5,1881,38.0,2
10073,PG19068_text.txt,Household Stories by the Brothers Grimm,"Grimm, Wilhelm",1786.0,1859.0,['en'],362.0,{'Fairy tales -- Germany'},Text,3,1857,71.0,4
52774,PG574_text.txt,Poems of William Blake,"Blake, William",1757.0,1827.0,['en'],360.0,"{'English poetry', 'Pastoral poetry'}",Text,0,1794,37.0,2
36385,PG4274_text.txt,Wives and Daughters,"Gaskell, Elizabeth Cleghorn",1810.0,1865.0,['en'],356.0,"{'Bildungsromans', 'Fathers and daughters -- Fiction', 'Children of physicians -- Fiction', 'Domestic fiction', 'England -- Fiction', 'Young women -- Fiction', 'Stepfamilies -- Fiction', 'Love stories', 'Social classes -- Fiction'}",Text,4,1866,56.0,3
14454,PG2300_text.txt,"The Descent of Man, and Selection in Relation to Sex","Darwin, Charles",1809.0,1882.0,['en'],353.0,"{'Sexual selection in animals', 'Human beings -- Origin', 'Sex differences', 'Sexual dimorphism (Animals)', 'Evolution (Biology)'}",Text,4,1871,62.0,3
55992,PG7097_text.txt,"Autobiography of Ma-ka-tai-me-she-kia-kiak, or Black Hawk","Black Hawk, Sauk chief",1767.0,1838.0,['en'],352.0,"{'Black Hawk, Sauk chief, 1767-1838', 'Sauk Indians -- Biography', 'Black Hawk War, 1832'}",Text,2,1838,71.0,4
56297,PG7371_text.txt,A Sicilian Romance,"Radcliffe, Ann Ward",1764.0,1823.0,['en'],351.0,"{'Sicily (Italy) -- Fiction', 'Gothic fiction'}",Text,0,1790,26.0,1
13153,PG2183_text.txt,Three Men on the Bummel,"Jerome, Jerome K. (Jerome Klapka)",1859.0,1927.0,['en'],347.0,"{'British -- Germany -- Fiction', 'Black Forest (Germany) -- Fiction', 'Humorous stories', 'Bicycle touring -- Fiction'}",Text,5,1900,41.0,2
9186,PG1826_text.txt,Sarrasine,"Balzac, Honoré de",1799.0,1850.0,['en'],347.0,"{'French fiction -- Translations into English', 'Autobiographical fiction'}",Text,2,1830,31.0,1
39818,PG4583_text.txt,Dialogues Concerning Natural Religion,"Hume, David",1711.0,1776.0,['en'],341.0,"{'Natural theology -- Early works to 1800', 'Religion -- Early works to 1800'}",Text,0,1779,68.0,4
25397,PG3285_text.txt,The Deerslayer,"Cooper, James Fenimore",1789.0,1851.0,['en'],337.0,"{'Frontier and pioneer life -- Fiction', 'Bildungsromans', 'Scouting (Reconnaissance) -- Fiction', 'New York (State) -- History -- French and Indian War, 1754-1763 -- Fiction', 'Hunters -- Fiction', 'War stories', 'Bumppo, Natty (Fictitious character) -- Fiction', 'Male friendship -- Fiction', 'Historical fiction', 'Delaware Indians -- Fiction'}",Text,2,1823,34.0,1
52040,PG5683_text.txt,The Critique of Practical Reason,"Kant, Immanuel",1724.0,1804.0,['en'],337.0,"{'Practical reason', 'Philosophy, German', 'Ethics'}",Text,0,1788,64.0,3
9919,PG1892_text.txt,"Extracts from Adam's Diary, translated from the original ms.","Twain, Mark",1835.0,1910.0,['en'],336.0,"{'Adam (Biblical figure) -- Fiction', 'Diary fiction', 'Humorous stories', 'Bible. Genesis -- History of Biblical events -- Fiction'}",Text,5,1893,58.0,3
56405,PG7469_text.txt,Daniel Deronda,"Eliot, George",1819.0,1880.0,['en'],336.0,"{'Jews -- England -- Fiction', 'England -- Fiction', 'Zionists -- Fiction', 'Jewish fiction', 'Didactic fiction'}",Text,4,1876,57.0,3
20890,PG28803_text.txt,The Works of Mark Twain: An Index of all Project Gutenberg Editions,"Twain, Mark",1835.0,1910.0,['en'],335.0,{'Indexes'},Text,5,1885,50.0,3
14942,PG2344_text.txt,The Adventure of the Cardboard Box,"Doyle, Arthur Conan",1859.0,1930.0,['en'],334.0,"{'Detective and mystery stories', 'Holmes, Sherlock (Fictitious character) -- Fiction', 'Private investigators -- England -- Fiction'}",Text,5,1893,34.0,1
23112,PG30802_text.txt,"Commentaries on the Laws of England, Book the First","Blackstone, William, Sir",1723.0,1780.0,['en'],333.0,"{'Law -- England -- History', 'Law -- England'}",Text,0,1770,47.0,2
177,PG1015_text.txt,The Oregon Trail: Sketches of Prairie and Rocky-Mountain Life,"Parkman, Francis",1823.0,1893.0,['en'],333.0,"{'West (U.S.) -- Description and travel', 'Oregon National Historic Trail', 'California National Historic Trail', 'Parkman, Francis, 1823-1893 -- Travel -- West (U.S.)', 'Indians of North America -- West (U.S.)', 'West (U.S.) -- History -- To 1848', 'Frontier and pioneer life -- West (U.S.)'}",Text,3,1846,23.0,0
22355,PG30120_text.txt,"The Happy Prince, and Other Tales","Wilde, Oscar",1854.0,1900.0,['en'],333.0,"{""Children's stories, English"", 'Short stories, English', 'Fairy tales'}",Text,5,1888,34.0,1
2532,PG1227_text.txt,The Expression of the Emotions in Man and Animals,"Darwin, Charles",1809.0,1882.0,['en'],332.0,"{'Psychology, Comparative', 'Emotions', 'Expression', 'Instinct'}",Text,5,1890,81.0,4
55351,PG651_text.txt,Phantasmagoria and Other Poems,"Carroll, Lewis",1832.0,1898.0,['en'],331.0,"{'English poetry -- 19th century', 'Fantasy poetry, English', 'Ghosts -- Poetry'}",Text,4,1869,37.0,2
55284,PG645_text.txt,The Figure in the Carpet,"James, Henry",1843.0,1916.0,['en'],330.0,"{'Short stories, American', 'Women novelists -- Fiction', 'Critics -- Fiction', 'Secrecy -- Fiction', 'Interpersonal relations -- Fiction'}",Text,5,1896,53.0,3
2198,PG1197_text.txt,"Taras Bulba, and Other Tales","Gogol, Nikolai Vasilevich",1809.0,1852.0,['en'],328.0,"{'Short stories', 'Russia -- Fiction'}",Text,3,1842,33.0,1
32519,PG39270_text.txt,"The Life and Opinions of Tristram Shandy, Gentleman","Sterne, Laurence",1713.0,1768.0,['en'],326.0,"{'Stream of consciousness fiction', 'Fetus -- Fiction', 'Fiction -- Authorship -- Fiction', 'Experimental fiction', 'Infants -- Fiction'}",Text,0,1767,54.0,3
25020,PG3251_text.txt,"The Man That Corrupted Hadleyburg, and Other Stories","Twain, Mark",1835.0,1910.0,['en'],326.0,"{'Honesty -- Fiction', 'City and town life -- Fiction', 'Humorous stories, American', 'United States -- Social life and customs -- 19th century -- Fiction', 'Short stories'}",Text,5,1900,65.0,4
8887,PG17_text.txt,The Book of Mormon: An Account Written by the Hand of Mormon Upon Plates Taken from the Plates of Nephi,"Smith, Joseph, Jr.",1805.0,1844.0,['en'],323.0,"{'Mormon Church -- Sacred books', 'Church of Jesus Christ of Latter-day Saints -- Sacred books'}",Text,2,1827,22.0,0
43618,PG4925_text.txt,The Age of Fable,"Bulfinch, Thomas",1796.0,1867.0,['en'],320.0,{'Mythology'},Text,5,1881,85.0,4
3854,PG1346_text.txt,The Eighteenth Brumaire of Louis Bonaparte,"Marx, Karl",1818.0,1883.0,['en'],318.0,"{""France -- History -- Coup d'état, 1851"", 'Napoleon III, Emperor of the French, 1808-1873', 'France -- History -- Second Republic, 1848-1852', 'France -- History -- February Revolution, 1848', 'France -- Politics and government -- 1848-1852'}",Text,4,1869,51.0,3
643,PG1057_text.txt,"Poems, with The Ballad of Reading Gaol","Wilde, Oscar",1854.0,1900.0,['en'],318.0,"{'Prisons -- Poetry', 'Poetry'}",Text,5,1899,45.0,2
12898,PG2160_text.txt,The Expedition of Humphry Clinker,"Smollett, T. (Tobias)",1721.0,1771.0,['en'],317.0,"{'Great Britain -- Fiction', 'Travelers -- Fiction', 'Epistolary fiction'}",Text,0,1771,50.0,3
